{"cameraMode":{"drawMode":0,"name":"Shaded","section":"Shading Mode"},"sceneLighting":true,"audioPlay":false,"sceneViewState":{"m_AlwaysRefresh":false,"showFog":true,"showSkybox":true,"showFlares":true,"showImageEffects":true,"showParticleSystems":true,"showVisualEffectGraphs":true,"m_FxEnabled":true},"in2DMode":false,"pivot":{"x":-128.39242553710938,"y":-68.67680358886719,"z":112.61626434326172},"rotation":{"x":0.17626464366912843,"y":-0.40444469451904299,"z":0.08072595298290253,"w":0.8942959904670715},"size":96.54423522949219,"orthographic":false}