{"cameraMode":{"drawMode":0,"name":"Shaded","section":"Shading Mode"},"sceneLighting":true,"audioPlay":false,"sceneViewState":{"m_AlwaysRefresh":false,"showFog":true,"showSkybox":true,"showFlares":true,"showImageEffects":true,"showParticleSystems":true,"showVisualEffectGraphs":true,"m_FxEnabled":true},"in2DMode":false,"pivot":{"x":-2.7264888286590578,"y":1.6891684532165528,"z":2.383234739303589},"rotation":{"x":-0.017328307032585145,"y":0.20108400285243989,"z":0.0035556943621486427,"w":0.9794288873672485},"size":3.030076026916504,"orthographic":false}